{
  "n_common": 401,
  "sources": [
    "current_taskwise",
    "super_thr",
    "fivefold_base",
    "fivefold_fusion",
    "fivefold_combined",
    "qwen_timeline",
    "qwen_eq"
  ],
  "tasks": {
    "promise_status": {
      "best_model": "rf",
      "oof_scores": {
        "logreg": 0.7749012891870035,
        "rf": 0.8189996326037894,
        "extra": 0.8157784831272971,
        "hgb": 0.7764644315764326
      },
      "in_sample_score": 0.9015950920245399
    },
    "verification_timeline": {
      "best_model": "extra",
      "oof_scores": {
        "logreg": 0.5604885144780465,
        "rf": 0.6444321034237732,
        "extra": 0.6931099687791478,
        "hgb": 0.5798849430324746
      },
      "in_sample_score": 0.7573844194955475
    },
    "evidence_status": {
      "best_model": "rf",
      "oof_scores": {
        "logreg": 0.657988404110049,
        "rf": 0.7154106636058909,
        "extra": 0.7047134592915562,
        "hgb": 0.683645759010616
      },
      "in_sample_score": 0.8322676091461788
    },
    "evidence_quality": {
      "best_model": "extra",
      "oof_scores": {
        "logreg": 0.48030506861326994,
        "rf": 0.49080248761948636,
        "extra": 0.5029856982162944,
        "hgb": 0.43229795897138695
      },
      "in_sample_score": 0.5786466752513768
    }
  },
  "in_sample_final_scores": {
    "promise_status": 0.9015950920245398,
    "verification_timeline": 0.7573844194955476,
    "evidence_status": 0.8322676091461788,
    "evidence_quality": 0.5786466752513768,
    "weighted_macro_f1": 0.7461333004110756
  },
  "oof_weighted_estimate": 0.6584346152951003
}